,Genre,GREEN_Cover,BLUE_Cover,RED_Cover,YELLOW_Cover,MAGENTA_Cover,CYAN_Cover,BROWN_Cover,ORANGE_Cover,GREY_Cover,PURPLE_Cover
0,Thriller,0,0,76,23,2,335,360,183,392,70
1,Mystery,0,0,17,5,1,61,63,37,71,14
2,Heist Film,0,0,6,2,0,14,13,9,15,3
3,Kidnapping Film / Disappearance,0,0,4,1,0,19,21,13,22,9
4,Drama,2,4,129,60,9,736,809,415,840,210
5,Crime,0,1,50,19,3,163,174,107,185,40
6,Spy Film,0,0,2,1,0,7,7,7,8,2
7,Drama,0,0,0,1,0,11,11,3,11,2
8,Action,0,1,40,16,0,144,146,93,162,35
9,Cop Movies,0,0,3,2,0,28,30,13,31,5
10,Teen/coming-of-age,0,1,10,13,1,50,55,38,56,20
11,Schools & University,0,1,8,3,1,27,28,14,30,12
12,Bullying,0,1,0,0,1,1,2,1,2,1
13,Supernatural,0,0,7,4,0,38,41,18,43,11
14,Time Travel,0,0,0,0,0,10,11,2,11,6
15,1980s,0,0,2,1,1,13,13,7,15,3
16,Based on a Comic,0,0,8,5,0,36,38,23,44,11
17,Fantasy,1,0,35,17,0,151,160,98,173,64
18,Superheroes,0,0,7,6,1,19,21,16,24,11
19,Mafia,0,0,9,2,0,32,35,18,36,4
20,1910s,0,0,0,0,0,1,2,2,2,0
21,1920s,0,0,0,0,0,3,4,3,4,1
22,Neo-noir,0,0,3,0,0,10,10,6,12,3
23,Musical,0,0,10,5,1,21,24,17,26,15
24,Revenge,0,1,3,0,1,7,9,6,8,2
25,Telenovela / Latino Soap Opera,0,0,2,1,0,13,15,9,15,5
26,Documentary,0,0,6,3,0,28,32,22,36,13
27,TV Miniseries,0,0,5,0,0,29,27,14,30,8
28,Based On A True Story,0,0,3,0,0,28,32,15,32,5
29,Biography,0,0,4,0,0,22,23,9,23,5
30,Sexual Abuse,0,0,0,0,0,2,2,1,2,0
31,Science fiction,1,0,11,12,0,80,75,35,90,34
32,Trains,0,0,0,0,0,2,1,1,2,1
33,Post-apocalyptic Future,0,1,0,1,0,11,10,2,12,3
34,Dystopia,0,0,0,0,0,11,6,3,11,3
35,Drugs,0,0,5,1,0,23,25,14,25,2
36,Journalism,0,0,0,0,0,3,3,1,3,0
37,Comedy,1,0,6,3,0,14,16,13,16,2
38,Disease/illness,0,0,1,0,0,5,4,3,5,1
39,Family,1,0,9,6,0,34,39,28,38,9
40,1970s,0,0,2,0,0,9,9,4,9,1
41,1990s,0,0,2,1,0,8,11,5,11,2
42,Planes,0,0,0,0,0,0,1,1,1,1
43,Romance,0,0,41,17,0,150,167,104,171,48
44,Adventure,0,1,26,18,0,113,116,70,124,41
45,Superheroes,0,0,5,6,0,20,21,13,25,9
46,Drama,0,0,1,0,0,6,7,5,7,2
47,Motorcycle,0,0,1,0,0,1,1,1,1,0
48,Thriller,0,0,3,2,0,11,13,7,16,4
49,Anthology Series,0,0,2,0,0,3,2,2,3,1
50,Remake,0,0,22,11,0,65,73,48,77,20
51,Sequel,0,0,17,8,0,44,47,37,51,16
52,Computers / Internet,0,0,0,0,0,5,2,0,5,4
53,Comedy,2,1,61,42,1,215,231,172,237,88
54,Sitcom,0,0,9,7,0,31,34,25,34,11
55,Buddy Film,0,0,2,2,0,13,12,10,14,4
56,Documentary,0,0,1,0,0,3,5,2,5,2
57,Politics,0,0,3,0,0,7,7,4,7,3
58,Martial Arts,0,0,4,0,0,9,11,10,11,4
59,Superheroes,0,0,2,1,0,15,18,8,18,8
60,Arab-Israeli conflict,0,0,0,0,0,2,2,1,2,0
61,Terrorism,0,0,3,1,0,14,15,8,16,2
62,Spin-off,2,1,15,10,1,36,43,31,44,20
63,Prequel,0,0,4,1,0,12,11,8,13,4
64,Serial Killers,0,0,4,0,0,10,12,6,12,3
65,Immigration,0,0,0,0,0,1,1,1,1,0
66,Sherlock Holmes,0,0,0,1,0,4,2,1,4,0
67,Animation,4,1,51,32,0,155,164,122,170,74
68,Manga,0,0,20,9,0,60,61,46,66,27
69,Parody,1,0,1,2,0,4,4,4,5,4
70,Racism,0,0,2,3,0,13,14,6,15,4
71,Melodrama,0,0,1,0,0,7,8,5,8,1
72,Webseries,0,0,0,2,0,3,4,1,4,3
73,Adventure,0,0,2,0,0,5,4,3,5,4
74,1940s,0,0,0,0,0,6,6,2,6,1
75,19th Century,0,0,3,0,0,7,7,4,9,4
76,Crime,0,0,5,1,0,12,12,9,13,1
77,Family,0,0,3,2,0,5,7,7,7,3
78,Friendship,0,0,4,4,0,32,32,22,34,9
79,Sexuality & Porn,0,0,1,0,0,2,2,1,2,0
80,Mathematics,0,0,0,0,0,2,2,0,2,1
81,Surrealism,1,0,2,3,0,7,6,5,7,4
82,Comedy,0,0,1,1,0,8,7,5,8,5
83,Vampires,0,0,3,0,0,11,12,5,14,6
84,Kids,2,0,10,9,0,34,39,31,39,24
85,Comedy,0,1,1,1,1,9,10,8,10,4
86,Dramatic comedy,0,0,0,2,0,8,8,7,8,1
87,Based on a Video Game,1,0,7,5,0,25,26,16,27,11
88,Childhood,0,0,2,0,0,4,7,5,7,3
89,Dogs/Wolves,0,0,0,1,0,5,5,3,5,3
90,Family,1,0,6,3,0,22,24,16,25,10
91,Gay & Lesbian,0,0,1,1,1,8,8,4,9,3
92,Small Town Life (North-american),0,0,1,0,0,4,4,3,4,0
93,Horror,0,0,14,2,0,60,71,32,75,16
94,Zombies,0,0,1,1,0,11,10,6,11,4
95,Cats,0,0,2,0,0,4,5,4,5,2
96,3D,0,0,4,3,0,26,26,18,31,8
97,Autism,0,0,0,0,0,2,2,1,2,0
98,Middle Ages,0,0,0,0,0,8,8,2,8,2
99,Fantasy,0,0,2,2,0,11,11,5,11,4
100,Animals,0,0,4,4,0,15,16,12,17,9
101,Job/Employment,0,0,0,0,0,3,2,0,3,3
102,Education,0,0,5,0,0,5,6,5,6,3
103,Music,0,0,12,6,1,28,34,22,36,19
104,Bears,0,0,0,3,0,4,4,3,4,1
105,Fashion,0,0,0,1,1,0,1,1,2,2
106,Satire,0,0,3,1,0,5,6,5,7,2
107,Drama,0,0,1,0,0,11,11,6,11,2
108,Witchcraft,0,0,2,0,0,10,14,10,15,4
109,Sports,0,0,2,0,0,22,20,11,22,7
110,Adolescence,0,0,8,7,0,45,54,31,55,17
111,Dragons,0,0,4,1,0,9,9,6,9,4
112,End of the World,0,0,0,2,0,1,2,2,2,0
113,Monsters,0,0,3,0,0,10,10,6,11,4
114,Documentary,0,0,2,1,0,3,4,2,4,2
115,Basketball,0,0,1,0,0,1,2,1,2,1
116,Survival Film,0,0,2,0,0,12,10,5,13,2
117,1930s,0,0,0,1,0,4,5,2,5,1
118,Educational,0,0,2,0,0,2,2,2,2,2
119,Preschool,1,0,4,2,0,4,5,5,5,2
120,Christmas,0,0,1,0,0,10,10,8,10,3
121,Adoption,0,0,1,0,0,3,4,3,4,2
122,War,0,0,2,2,0,13,11,5,13,4
123,Historical,0,0,0,0,0,5,5,1,5,0
124,Vikings,0,0,1,0,0,5,5,1,5,2
125,9th Century,0,0,3,0,0,10,10,4,12,4
126,Ninjas,0,0,3,0,0,3,4,3,4,2
127,Interactive film,0,0,2,1,0,4,4,3,4,0
128,18th Century,0,0,0,0,0,3,3,0,3,0
129,Horses,0,0,0,0,0,3,3,2,3,2
130,Werewolf,0,0,0,0,0,5,6,2,7,1
131,Religion,0,0,0,1,0,4,5,3,5,2
132,Cop Movies,0,0,4,2,0,30,30,13,31,8
133,Kidnapping Film / Disappearance,0,0,7,1,0,21,22,12,23,3
134,1960s,0,0,2,0,0,9,9,4,9,0
135,Boxing,0,0,0,0,0,1,1,1,1,0
136,Sports,0,0,2,2,0,7,6,6,8,3
137,Robots,0,0,3,1,0,13,11,7,14,7
138,Magic,0,0,4,0,0,18,24,15,25,10
139,Drama,0,0,1,0,0,5,8,4,8,2
140,Stage Play,0,0,0,0,0,1,1,0,1,1
141,Animation,1,0,5,3,0,12,13,10,13,5
142,Steampunk,0,0,1,1,0,10,7,4,11,4
143,15th Century,0,0,0,0,0,1,1,0,1,1
144,Gambling,0,0,2,0,0,2,2,2,2,0
145,Gore,0,0,6,0,0,14,14,10,16,1
146,Comedy,0,0,11,3,0,24,25,21,26,5
147,Exorcism/Evil Possession,0,0,0,0,0,7,7,2,8,0
148,Cyberpunk,0,0,0,0,0,6,4,1,6,2
149,Chess,0,0,0,0,0,1,1,0,1,1
150,Samurai,0,0,0,0,0,1,1,0,1,0
151,Feudal Japan,0,0,0,0,0,1,1,0,1,0
152,Mythology,0,0,1,0,0,0,1,1,1,1
153,Sword and Sorcery,0,0,2,0,0,3,4,2,4,2
154,Adventure,0,0,1,0,0,5,5,4,6,0
155,Aliens,0,0,0,1,0,14,10,4,15,2
156,Roman Empire,0,0,0,0,0,1,1,1,1,0
157,Slavery,0,0,0,0,0,1,1,1,1,0
158,Erotic,0,0,0,0,0,2,3,3,3,0
159,Pandemic,0,0,0,0,0,5,5,1,5,1
160,Pirates,0,0,0,0,0,2,1,0,2,0
161,Star Trek,0,0,1,0,0,1,2,1,2,1
162,13th Century,0,0,1,0,0,1,1,1,1,1
163,Ancient Greece,0,0,0,0,0,3,3,2,3,0
164,Fairy Tales / Fables,0,0,1,1,0,8,8,3,9,4
165,Young Adult,0,0,0,1,0,15,14,5,16,4
166,Transgender,0,0,0,0,1,0,0,0,1,1
167,AIDS,0,0,0,0,1,0,0,0,1,1
168,Nature,0,0,1,1,0,4,7,5,7,5
169,Car Movies,0,0,2,0,0,6,6,3,6,2
170,Film In Film,0,0,2,0,0,3,3,3,3,0
171,Comedy,0,0,2,0,0,4,6,4,6,4
172,Medicina,0,0,1,0,0,7,5,1,8,4
173,Prostitution,0,0,0,0,0,1,2,1,2,2
174,Live-Action,0,0,2,3,0,7,7,6,8,2
175,Dancing,0,0,1,2,0,2,3,3,3,1
176,Slasher,0,0,4,0,0,10,9,5,11,5
177,17th Century,0,0,0,0,0,1,1,1,1,0
178,IRA,0,0,0,0,0,1,1,0,1,0
179,Tennis,0,0,1,0,0,1,1,1,1,0
180,Voodoo,0,0,1,0,0,0,1,1,1,0
181,Documentary,0,0,0,0,0,1,3,3,3,0
182,Science fiction,0,0,18,8,0,73,80,48,93,35
183,Aviones,0,0,2,1,0,3,3,3,4,1
184,19th Century,0,0,2,0,0,20,22,10,24,3
185,Esclavitud,0,0,0,0,0,1,2,1,2,0
186,Drama,0,0,1,1,0,6,6,3,6,1
187,Telenovela,0,0,2,1,0,14,16,9,16,5
188,Racism,0,0,2,3,0,12,13,6,14,3
189,Animation,4,1,42,24,3,136,149,112,160,87
190,Comedy,3,3,119,65,8,367,414,308,424,164
191,Fantasy,1,2,25,16,3,119,126,77,143,68
192,Adventure,2,0,20,17,1,106,107,76,119,49
193,Kids,0,1,11,11,2,35,37,32,38,23
194,Animals,0,0,6,2,0,21,22,15,23,8
195,Friendship,0,0,9,8,2,37,43,27,45,16
196,3D,0,0,5,2,0,15,17,13,17,6
197,Lego,0,0,0,0,0,1,1,0,1,0
198,Half-length Film,0,0,3,1,0,6,8,7,8,1
199,Superheroes,0,0,9,2,0,19,23,17,23,19
200,Based on a Video Game,1,0,3,1,0,15,16,10,16,9
201,Action,1,0,37,16,2,114,128,88,138,47
202,Based on a Comic,0,0,11,3,1,20,27,19,27,16
203,Magic,0,0,0,1,1,8,7,1,8,5
204,Trenes/Metros,0,0,1,0,0,2,2,2,2,2
205,Intrigue,0,0,12,5,0,74,74,36,85,21
206,Divulgativo/Educativo,0,0,3,1,0,4,4,4,4,2
207,Preescolar,0,0,2,0,0,3,3,3,3,1
208,Cuentos,0,0,0,0,0,3,3,1,3,1
209,Webserie / Serie Online,0,0,0,0,0,5,4,2,5,4
210,Marionetas,0,0,2,2,0,2,2,2,2,0
211,Bomberos,0,0,2,1,0,2,2,2,2,0
212,Dinosaurios,0,0,3,1,0,7,7,6,7,1
213,Car Movies,0,0,5,1,0,12,12,9,12,2
214,Comedy,0,0,0,1,0,5,6,5,6,2
215,Spy Film,0,0,4,0,0,15,17,13,17,6
216,Supernatural,0,0,6,0,0,23,23,9,24,6
217,Time Travel,0,0,1,1,0,8,8,4,9,5
218,Monsters,0,0,2,0,0,7,8,5,9,5
219,Prehistoria,0,0,0,0,0,5,5,4,5,1
220,Sequel,0,2,21,7,2,63,72,46,75,24
221,Terror,0,1,25,1,2,95,96,46,109,28
222,Zombies,0,0,3,0,0,10,10,7,10,0
223,Televisión,0,0,2,0,0,5,5,3,5,2
224,Fantasmas,0,0,0,0,0,4,5,1,5,1
225,Casas encantadas,0,0,2,0,0,9,8,3,9,1
226,Family,0,0,12,9,0,69,75,42,76,17
227,Vampires,0,1,1,0,1,4,3,2,5,3
228,Comedy,0,1,11,8,2,27,33,28,34,7
229,Crime,0,1,23,17,2,90,98,55,104,26
230,Posesiones/Exorcismos,0,0,1,0,0,3,3,2,3,0
231,Comedy,0,0,6,0,1,13,13,10,15,7
232,Western,0,0,2,1,0,8,10,7,13,1
233,Werewolf,0,0,0,0,0,3,4,2,4,1
234,Haunted Houses,0,0,0,0,0,3,4,2,4,1
235,Cult Movie,0,0,3,1,0,12,14,7,14,2
236,Antigua Grecia,0,0,1,0,0,1,1,1,1,0
237,Mitología,0,0,1,0,0,2,2,1,2,0
238,Cine épico,0,0,2,0,0,5,5,3,5,0
239,Telefilm,1,2,8,8,3,37,44,25,47,19
240,Animation,0,0,2,1,0,5,6,3,6,3
241,Radio,0,0,0,0,0,2,1,0,2,2
242,Thriller,0,0,3,0,1,12,12,5,13,5
243,Película interactiva,0,0,0,1,0,2,2,1,2,0
244,Sects / Extremist Cults,0,0,1,0,0,3,4,2,4,0
245,Drama,0,0,2,0,0,9,10,5,10,2
246,Based on real facts,0,0,14,5,0,61,61,33,66,25
247,Gay & Lesbian,0,0,8,6,2,21,28,20,27,15
248,1990s,0,0,3,3,0,15,18,13,17,6
249,Serial Killers,0,0,1,1,0,12,14,5,14,6
250,Serie de antología,0,0,1,2,0,10,13,7,12,5
251,Old Age,0,0,1,0,0,4,4,3,4,0
252,Family,0,0,3,1,0,3,4,4,4,0
253,1970s,0,0,12,5,1,24,29,23,30,13
254,Computers / Internet,0,0,3,1,1,16,15,6,18,6
255,Half-length Film,0,0,10,2,0,20,22,15,24,14
256,Sectas,0,0,0,1,0,4,5,3,5,3
257,Drugs,0,1,6,2,1,24,28,13,29,8
258,Falso documental,0,0,0,2,1,5,5,4,6,2
259,Comedy,0,0,10,5,1,23,24,17,24,11
260,8th Century,0,0,0,0,0,4,4,0,4,0
261,Cortometraje,2,2,14,5,2,25,34,26,36,19
262,Mockumentary,0,0,0,0,0,1,1,1,1,0
263,Disability,0,0,1,0,0,7,7,3,7,2
264,1980s,0,0,8,4,1,24,25,15,27,10
265,Trabajo/empleo,0,0,2,1,0,9,8,5,9,2
266,Witchcraft,0,0,2,0,0,5,7,5,8,3
267,Submarines,0,0,0,0,0,2,0,0,2,2
268,Scuba Diving,0,0,0,0,0,1,0,0,1,1
269,Puppets,0,0,0,0,0,1,1,0,1,1
270,Anthology Film,0,0,1,0,0,2,2,2,2,0
271,TV Series,3,2,87,47,3,378,404,239,421,140
272,Biographical,0,0,13,7,1,60,72,41,74,18
273,Boxeo,0,0,1,0,0,3,3,2,3,0
274,Birds,0,0,0,0,0,1,1,1,1,0
275,Comedy,0,0,4,0,0,5,5,5,5,2
276,Soccer/Football,0,1,6,0,1,21,19,10,21,9
277,Drama,0,0,1,0,0,2,2,1,2,0
278,Africa,0,0,2,2,0,8,8,6,8,1
279,Poverty,0,0,0,0,0,1,1,0,1,0
280,Immigration,0,0,3,3,0,10,13,7,13,4
281,Family,1,1,6,6,1,33,34,28,36,20
282,Martial Arts,0,0,7,4,0,9,14,12,13,3
283,Karate,0,0,1,0,0,0,1,1,1,0
284,Disease/illness,0,0,0,1,0,10,10,5,11,3
285,Dolphins,0,0,0,0,0,1,1,1,1,1
286,Revenge,0,0,4,1,0,14,16,11,17,2
287,War,0,0,2,0,0,11,13,3,13,4
288,War,0,0,1,0,0,1,2,1,2,2
289,Natural Disasters,0,0,0,0,0,1,1,0,1,0
290,Circo,0,0,0,0,0,1,1,1,1,1
291,Prostitución,0,0,3,1,0,5,7,7,7,1
292,Epic film,0,0,0,2,0,7,8,4,8,0
293,Independent Film (US),0,0,0,0,0,3,4,1,4,1
294,Hip Hop,0,0,1,1,0,6,7,2,7,3
295,Nature,0,0,2,0,0,13,12,7,14,4
296,Survival Film,0,0,1,0,0,12,7,3,12,2
297,Christmas,0,0,3,0,0,6,7,4,8,5
298,Religion,0,1,2,1,1,26,24,9,26,6
299,Small Town Life (Non-North American),0,0,2,0,0,3,4,4,4,0
300,Old Age,0,0,2,0,0,10,11,5,11,5
301,Army,0,0,0,0,0,3,2,0,3,1
302,Ghosts,0,0,1,0,0,5,5,2,6,2
303,War,0,0,0,0,0,1,1,0,1,1
304,Ejército,0,0,0,0,0,3,3,0,3,1
305,1960s,0,0,5,0,0,22,23,12,24,9
306,Nazism,0,0,3,1,0,8,8,4,8,2
307,Matemáticas,0,0,0,0,0,2,3,2,3,0
308,ETA,0,0,0,0,0,2,2,1,2,0
309,Terrorism,0,0,2,0,0,9,10,6,10,1
310,Rodents,0,0,0,0,0,0,1,1,1,0
311,Short Film,0,0,1,0,0,3,3,2,3,1
312,Business & Stock Exchange,0,0,0,0,0,1,1,1,1,0
313,Adventure,0,0,1,2,0,8,7,3,9,2
314,África,0,0,0,0,0,6,7,5,7,0
315,Piratas,0,0,0,0,0,1,1,0,1,0
316,Cine independiente USA,0,0,3,3,0,13,18,10,18,3
317,Snakes,0,0,1,0,0,1,2,1,2,0
318,Tiburones,0,0,1,0,0,2,2,1,2,1
319,Pintura,0,0,0,0,0,5,5,3,6,0
320,Sharks,0,0,1,0,0,1,1,1,1,1
321,Parodia,0,0,4,0,0,8,8,7,8,6
322,Drama,0,0,5,4,0,31,34,19,36,7
323,Jealousy,0,0,0,0,0,1,1,0,1,1
324,Alzheimer's,0,0,0,0,0,2,2,2,2,0
325,Historias cruzadas,0,0,2,1,0,5,6,4,6,3
326,Weddings,0,0,2,1,0,3,3,3,3,2
327,Drama,0,0,1,0,0,1,2,2,2,1
328,Ensemble Film,0,0,0,0,0,1,1,0,1,1
329,Disability,0,0,0,1,0,13,13,6,14,2
330,Dramatic comedy,0,1,6,4,2,32,35,18,36,12
331,Cult Movie,0,0,3,2,0,7,8,5,9,5
332,Schools & University,0,0,4,1,0,17,19,12,19,8
333,Baile,0,0,3,2,0,7,9,6,8,4
334,Music,0,0,6,3,2,16,19,13,20,10
335,1950s,0,0,1,1,0,14,13,6,16,2
336,Colonialism,0,0,0,0,0,2,2,0,2,0
337,1950s,0,0,1,0,0,3,4,1,4,0
338,Jazz,0,0,2,0,0,2,2,2,2,0
339,Crisis económica 2008,0,0,0,0,0,2,2,1,2,1
340,Historical,0,0,4,3,0,17,19,9,18,2
341,Comedy,0,0,1,0,0,1,1,1,1,1
342,Journalism,0,0,3,2,0,13,12,7,13,3
343,Southern Gothic,0,0,0,0,0,1,1,0,1,0
344,War,0,0,0,0,0,1,1,0,1,0
345,War,0,0,1,0,0,2,2,1,2,1
346,Dragon Ball,0,0,0,0,0,2,2,2,2,1
347,Siglo XV,0,0,1,0,0,10,10,4,10,0
348,Futuro postapocalíptico,0,0,2,1,0,7,7,5,8,2
349,Thriller,0,0,0,0,0,4,3,2,4,1
350,Dystopia,0,0,2,2,0,16,16,8,19,7
351,Satire,0,0,5,1,0,10,10,8,10,0
352,Thriller,0,0,0,0,0,3,2,2,3,0
353,Años 30,0,0,1,0,0,4,4,3,4,1
354,Juegos olímpicos,0,0,0,0,0,2,2,1,2,0
355,1940s,0,0,1,1,0,12,13,4,13,0
356,War,0,0,2,2,0,9,12,5,12,2
357,Fantasy,0,0,0,0,0,4,4,3,4,1
358,Espada y brujería,0,0,0,0,0,2,2,1,2,0
359,Yakuza & Triada,0,0,1,0,0,2,3,2,3,0
360,Motos,0,0,1,0,0,0,2,2,2,0
361,Western futurista,0,0,0,0,0,3,2,1,3,0
362,Baloncesto,0,0,2,1,0,4,4,3,4,2
363,Aliens,0,0,3,0,0,9,10,6,10,5
364,Looney Tunes,0,0,1,0,0,2,2,2,2,0
365,Wrestling,0,0,0,0,0,2,2,2,2,1
366,Gimnasia,0,0,0,1,0,2,3,3,3,0
367,Roedores,0,0,1,1,0,2,2,1,2,1
368,Adopción,0,0,2,1,0,2,4,2,3,2
369,Orcas,0,0,0,0,0,1,1,1,1,0
370,Magic,0,0,1,0,0,1,2,1,2,0
371,Short Film (Animated),0,0,1,0,0,1,1,1,1,1
372,Heist Film,0,0,2,1,0,7,6,4,7,3
373,Documentary,0,1,54,20,3,174,180,112,193,56
374,Politics,0,0,7,1,0,19,20,11,20,5
375,Surfing,0,0,1,0,0,2,1,1,2,1
376,Film noir,0,0,0,0,0,1,1,0,1,0
377,Street Gang,0,0,0,0,0,1,1,0,1,0
378,Road Movie,0,0,1,1,0,12,12,8,12,4
379,Photography,0,0,0,0,0,1,1,0,1,0
380,Holocaust,0,0,1,0,0,2,2,1,2,1
381,Teatro,0,0,1,0,0,5,6,4,6,1
382,Drama,0,0,0,1,0,11,11,6,11,4
383,War,0,0,0,0,0,1,1,0,1,0
384,War,0,0,0,0,0,1,1,0,1,0
385,Concerts,0,0,0,0,0,1,1,0,1,1
386,Bolsa & Negocios,0,0,0,1,0,6,6,2,6,2
387,14th Century,0,0,0,0,0,1,1,0,1,0
388,Acoso escolar,0,0,0,0,0,6,6,0,6,0
389,Discapacidad auditiva,0,0,0,0,0,1,1,0,1,0
390,Adventure,0,0,0,0,0,6,7,1,8,4
391,Años 20,0,0,0,1,0,3,4,3,5,1
392,Transexualidad / transgénero,0,1,1,0,2,4,5,5,5,2
393,Siglo XVII,0,0,1,0,0,6,6,4,6,0
394,War,0,0,1,0,0,3,3,2,3,1
395,Caballos,0,0,0,0,1,3,2,1,3,1
396,Dinosaurs,0,0,0,0,0,1,1,0,1,0
397,Insects,0,0,0,1,0,1,1,1,1,1
398,Halloween,0,0,1,0,0,4,5,3,5,3
399,Catástrofes,0,0,1,0,0,3,3,1,3,1
400,Ancient Egypt,0,0,0,2,0,2,3,2,3,0
401,Futuristic Western,0,0,0,0,0,1,0,0,1,0
402,War,0,0,0,1,0,1,0,1,1,0
403,Documentary,0,0,5,4,0,22,26,15,26,6
404,Vida rural,0,0,0,1,0,10,11,10,11,1
405,Feminism,0,0,5,1,1,9,11,7,11,6
406,Dolls,0,0,0,0,0,1,1,0,1,0
407,Discapacidad visual,0,0,0,0,0,4,3,2,4,1
408,Surrealismo,0,0,2,1,0,4,4,3,4,2
409,Deafness,0,0,1,0,0,2,2,1,2,0
410,Kids,0,0,3,2,0,13,14,7,14,4
411,Bodas,0,0,0,2,0,4,4,2,4,1
412,Precuela,0,0,0,0,0,3,3,2,3,0
413,Años 1910-1919,0,0,0,1,0,4,3,1,4,1
414,Found Footage,0,0,0,0,0,1,1,1,1,0
415,Firefighters,0,0,0,0,0,1,1,1,1,0
416,Metraje encontrado,0,0,0,0,0,2,1,0,2,1
417,Sexualidad y pornografía,0,0,0,0,1,3,4,3,4,1
418,1900s,0,0,1,0,0,1,1,1,1,0
419,Pandemias,0,0,1,1,0,3,3,1,4,2
420,Flamenco,0,0,0,0,0,1,1,0,1,0
421,Concerts,0,0,1,1,0,6,9,5,9,3
422,Documentary,0,0,7,1,0,18,19,10,20,7
423,Documentary,0,0,1,0,0,2,2,2,2,0
424,Aves/Pájaros,0,0,1,0,0,5,4,4,5,3
425,Alpinismo / escalada,0,0,0,0,0,1,1,1,1,0
426,CrossFit,0,0,1,0,0,1,1,1,1,1
427,Submarinismo,0,0,0,0,0,2,2,0,2,2
428,Soccer/Football,0,0,1,0,0,1,1,1,1,1
429,Documentary,0,0,0,0,0,2,1,1,2,2
430,Nazismo,0,0,2,1,0,5,5,3,5,2
431,Holocausto,0,0,1,0,0,1,1,1,1,1
432,Abusos sexuales,0,0,2,0,0,6,6,4,6,1
433,Cocina,0,0,2,0,0,6,7,4,7,3
434,Pobreza,0,0,0,0,0,3,2,2,3,1
435,Drama,0,0,1,1,1,7,9,3,11,3
436,Dogs/Wolves,0,0,2,3,0,8,11,7,11,2
437,Blindness,0,0,1,0,0,1,1,1,1,0
438,Literature,0,0,0,0,0,1,1,1,1,0
439,Stand-Up,0,0,4,1,0,9,12,8,13,7
440,Bandas/pandillas callejeras,0,0,1,0,0,2,2,1,2,1
441,Vida rural (Norteamérica),0,0,0,0,0,6,6,5,6,1
442,Cine dentro del cine,0,0,2,3,0,11,12,9,12,3
443,Dragons,0,0,0,0,0,2,3,0,3,2
444,Coronavirus (COVID-19),0,0,1,1,0,4,4,2,4,1
445,Fotografía,0,0,0,1,0,3,4,1,4,1
446,Short Film (Animated),2,1,13,5,1,23,32,25,34,18
447,Sketches,0,0,0,0,0,2,2,2,2,1
448,Stop Motion,0,0,0,1,0,2,4,3,4,2
449,Claymation (Plastilina),0,0,0,1,0,2,2,2,2,1
450,Documentary,0,0,5,5,1,13,17,13,16,5
451,Gatos,0,0,0,1,0,2,3,1,3,1
452,Blaxploitation,0,0,1,0,0,1,1,1,1,0
453,Ajedrez,0,0,0,1,0,0,1,1,1,0
454,SIDA,0,0,0,1,1,1,2,1,2,1
455,Años 1900 (circa),0,0,0,0,0,4,3,1,4,1
456,Enseñanza,0,0,2,0,0,6,6,2,6,1
457,Caza,0,0,0,0,0,0,1,1,1,0
458,Cine negro,0,0,1,0,0,1,2,1,2,0
459,Literature,0,0,1,0,0,8,11,5,11,1
460,Realismo mágico,0,0,1,0,0,0,1,1,1,0
461,War,0,0,3,2,0,11,16,8,16,3
462,Payasos,0,0,0,0,0,1,1,0,1,0
463,Pixar,1,1,8,3,1,12,17,13,17,8
464,Conflicto árabe-israelí,0,0,1,0,0,2,2,2,2,0
465,Dictadura argentina,0,0,1,0,0,1,2,1,2,0
466,Feminism,0,0,4,1,1,8,10,6,10,5
467,Drama,0,0,0,0,0,2,2,0,2,0
468,Película de episodios,0,0,1,0,0,2,2,2,2,1
469,Cocodrilos,0,0,1,0,0,1,1,1,1,1
470,Muñecos,0,0,1,0,0,3,2,2,3,1
471,Antigua Roma,0,0,0,0,0,2,2,0,2,0
472,Alzheimer,0,0,0,0,0,3,3,2,3,1
473,Alcoholismo,0,0,0,0,0,1,1,1,1,0
474,War,0,0,0,0,0,4,4,1,4,1
475,War,0,0,0,0,0,1,1,0,1,1
476,Moda,0,0,1,0,0,3,3,1,3,2
477,Fútbol americano,0,0,1,0,0,3,3,1,3,1
478,Juego,0,0,0,0,0,3,3,1,3,1
479,Edad Media,0,0,0,0,0,2,2,0,2,1
480,Siglo XIV,0,0,0,0,0,1,1,0,1,0
481,Colonialismo,0,0,0,0,0,1,1,0,1,0
482,Cine experimental,0,0,1,0,0,1,2,2,2,0
483,Skateboard,0,0,0,1,0,1,2,1,2,0
484,Cine quinqui,0,0,1,0,0,0,1,1,1,1
485,War,0,0,0,0,0,2,2,0,2,0
486,War,0,0,0,0,0,1,1,0,1,0
487,Siglo XVIII,0,0,1,0,0,3,3,2,3,0
488,Documentary,0,0,1,0,0,2,2,1,2,0
489,Giallo,0,0,1,0,0,1,1,1,1,0
490,Siglo XVI,0,0,1,0,0,8,8,4,8,0
491,War,0,0,0,0,0,1,1,0,1,0
492,Vikingos,0,0,0,0,0,0,1,0,1,1
493,Autismo,0,0,0,0,0,1,1,0,1,0
494,Pearl Harbor,0,0,0,0,0,1,1,0,1,0
495,Posguerra española,0,0,0,0,0,1,1,0,1,0
496,War,0,0,0,0,0,1,1,1,1,0
497,Tenis,0,0,1,0,0,2,2,2,2,1
498,Atletismo,0,0,0,0,0,1,1,1,1,1
499,Conquista de América,0,0,0,0,0,1,1,0,1,0
500,América colonial,0,0,0,0,0,1,1,0,1,0
501,Póker,0,0,0,0,0,1,1,0,1,1
502,11-S,0,0,0,0,0,1,1,0,1,0
503,Documentary,0,0,0,0,0,1,1,0,1,0
504,Rugby,0,0,0,0,0,1,1,0,1,0
505,Star Wars,0,0,1,1,0,3,3,2,3,1
506,Los Simpson,0,0,0,1,0,1,1,1,1,1
507,Delfines,0,0,0,0,0,2,1,1,2,2
508,RV,0,0,1,0,0,0,1,1,1,0
509,Submarinos,0,0,0,0,0,1,1,0,1,0
510,Serie de TV,2,5,97,43,8,412,448,251,472,162
511,Hípica,0,0,0,0,0,1,1,1,1,1
512,Miniserie de TV,0,0,17,9,1,80,82,46,86,20
